firstname,lastname,email,phone,company_name,phone_main,id
Ervin,Howell,Shanna@melissa.tv,010-692-6593 x09125,Deckow-Crist,0106926593,2
Clementina,DuBuque,Rey.Padberg@karina.biz,024-648-3804,Hoeger LLC,0246483804,10
Kurtis,Weissnat,Telly.Hoeger@billy.biz,210.067.6132,Johns Group,2100676132,7
Chelsey,Dietrich,Lucio_Hettinger@annie.ca,(254)954-1289,Keebler LLC,2549541289,5
Clementine,Bauch,Nathan@yesenia.net,1-463-123-4447,Romaguera-Jacobson,4631234447,3
Dennis,Schulist,Karley_Dach@jasper.info,1-477-935-8478 x6430,Considine-Lockman,4779358478,6
Patricia,Lebsack,Julianne.OConner@kory.org,493-170-9623 x156,Robel-Corkery,4931709623,4
Nicholas,Runolfsdottir,Sherwood@rosamond.me,586.493.6943 x140,Abernathy Group,5864936943,8
Leanne,Graham,Sincere@april.biz,1-770-736-8031 x56442,Romaguera-Crona,7707368031,1
Glenna,Reichert,Chaim_McDermott@dana.io,(775)976-6794 x41206,Yost and Sons,7759766794,9
